{
  "index": "/index.html",
  "assetGroups": [
    {
      "name": "app",
      "installMode": "prefetch",
      "resources": {
        "files": [
          "/favicon.ico",
          "/index.html",
          "/*.css",
          "/*.js"
        ]
      }
    }, {
      "name": "assets",
      "installMode": "lazy",
      "updateMode": "prefetch",
      "resources": {
        "files": [
          "/assets/**",
          "/*.(eot|svg|cur|jpg|png|webp|gif|otf|ttf|woff|woff2|ani)"
        ]
      }
    }
  ],
  "dataGroups":[
    {
      "name":"posts",
      "urls":[
        "https://www.techiediaries.com/api/data.json"
      ],
      "cacheConfig":{
        "maxSize":5,
        "maxAge":"6h",
        "timeout":"10s",
        "strategy":"freshness"
      }
    }
  ]
}
